#{"t_start": 1782876554.790054, "env_id": "BipedalWalker-v3"}
r,l,t,original_env_reward,generated_reward,reward_error_count
-12.15366,79,3.018273,-100.0,-0.09260059022166776,0
-5.554936,50,3.707411,-100.0,-0.8509021776754789,0
-11.476957,111,5.240692,-100.0,0.15733078964410763,0
108.324105,1600,26.920474,-0.09135174644986731,0.0029007031865126987,0
-16.374466,39,27.465663,-100.0,0.09563968951146404,0
-6.880496,58,28.259264,-100.0,-1.7449109699247518,0
-30.168541,75,29.286306,-100.0,-1.3175840069083327,0
-17.945171,65,150.073887,-100.0,-0.449425726281851,0
-21.69431,59,150.884382,-100.0,-0.255485568132896,0
-4.457403,75,151.903945,-100.0,-1.1236958918119357,0
94.251006,1600,173.691759,0.023644592722259352,0.34601801711500246,0
89.307282,1600,312.429701,-0.06002712136507035,-0.27639625988178185,0
-2.907654,78,313.506741,-100.0,-0.7574941619065414,0
-24.395568,56,314.275045,-100.0,-0.6962299785721586,0
-8.204935,78,315.339036,-100.0,0.7087591389924424,0
-4.240586,113,316.896311,-100.0,-0.810908649072672,0
-12.916972,64,317.782391,-100.0,0.3025691181959152,0
-15.669512,163,320.010236,-100.0,-0.33693401374761883,0
89.494586,1600,460.229836,0.02314394881452242,0.0021449648971491736,0
89.651365,1600,601.727605,-0.11873862731456757,-0.045272152635616236,0
84.38074,1600,742.731479,-0.21477491211891173,-0.49448644237639117,0
87.972142,1600,878.762624,-0.13228271532058716,-0.5862593006431769,0
87.804389,1600,900.498593,-0.048242964069049744,0.14434708959301878,0
88.17992,1600,1039.679248,-0.08484929098685465,-0.2447335679461272,0
-2.252601,83,1040.80652,-100.0,-1.7222988736287932,0
91.265768,1600,1182.365856,-0.032512703359127045,0.04991450429611281,0
95.861714,1600,1322.068836,-0.1069818354646359,-0.0008333196667671405,0
95.344508,1600,1343.573541,-0.020808153072990596,0.21699825621109525,0
95.342365,1600,1483.300425,-0.06052043282985688,-0.024438346186770585,0
106.923996,1600,1626.085211,-0.04247785203655619,-0.015440256298477553,0
122.567407,1600,1769.301073,0.04714479064941407,0.10876634006602877,0
130.945901,1600,1914.138033,-0.16382955829302587,0.24661350932318749,0
-2.562756,93,1915.445709,-100.0,-1.5621536064637476,0
132.549536,1600,1938.020601,-0.2244821238517761,-0.16721218072853766,0
143.251589,1600,2080.350943,-0.1524546964764595,0.0527396232336763,0
143.602298,1600,2222.475535,-0.11118402588367463,0.17561419262995132,0
144.289566,1600,2365.220034,-0.04881226958831388,-0.04440643818800931,0
147.483469,1600,2510.672595,-0.05151295824845513,0.18145594338107285,0
147.429247,1600,2533.34955,0.07968744015693664,0.3584582755997649,0
147.257067,1600,2673.769484,-0.11981369226177414,-0.032388200560225094,0
